{
  "schema_version": "1.0",
  "source_image": "fixtures/planta_74/human_walls_annotation.png",
  "image_size_px": [
    2541,
    3580
  ],
  "color_mapping": {
    "blue": {
      "rgb": [
        0,
        0,
        255
      ],
      "kind": "structural_wall"
    },
    "purple": {
      "rgb": [
        128,
        0,
        255
      ],
      "kind": "structural_wall"
    }
  },
  "calibration": {
    "img_x0": 217,
    "img_y0": 605,
    "img_x1": 2357,
    "img_y1": 1891,
    "pdf_x0": 49.2037239074707,
    "pdf_y0": 404.6214294433594,
    "pdf_x1": 553.515625,
    "pdf_y1": 697.8138122558594,
    "scale_x_pt_per_px": 0.2356597668656679,
    "scale_y_pt_per_px": 0.2279878559972784
  },
  "consensus_wall_thickness_pts": 5.399517059326172,
  "walls": [
    {
      "id": "h_w000",
      "color": "blue",
      "bbox_px": [
        250.0,
        1111.0,
        570.0,
        1130.0
      ],
      "bbox_pts": [
        56.98,
        578.12,
        132.392,
        582.452
      ],
      "orientation": "h",
      "start": [
        56.98,
        580.286
      ],
      "end": [
        132.392,
        580.286
      ],
      "thickness": 5.4,
      "geometry_origin": "human_annotation"
    },
    {
      "id": "h_w001",
      "color": "blue",
      "bbox_px": [
        544.0,
        982.0,
        569.0,
        1407.0
      ],
      "bbox_pts": [
        126.264,
        514.968,
        132.156,
        611.862
      ],
      "orientation": "v",
      "start": [
        129.21,
        514.968
      ],
      "end": [
        129.21,
        611.862
      ],
      "thickness": 5.4,
      "geometry_origin": "human_annotation"
    }
  ]
}