{
  "schema_version": "1.0",
  "source_image": "fixtures/planta_74/human_soft_barriers_annotation.png",
  "image_size_px": [
    2541,
    3580
  ],
  "color_mapping": {
    "cyan": {
      "rgb": [
        0,
        255,
        255
      ],
      "barrier_type": "peitoril"
    }
  },
  "calibration": {
    "img_x0": 221,
    "img_y0": 609,
    "img_x1": 2353,
    "img_y1": 1881,
    "pdf_x0": 49.2037239074707,
    "pdf_y0": 404.6214294433594,
    "pdf_x1": 553.515625,
    "pdf_y1": 697.8138122558594,
    "scale_x_pt_per_px": 0.23654404366441337,
    "scale_y_pt_per_px": 0.23049715629913523
  },
  "consensus_wall_thickness_pts": 5.399517059326172,
  "soft_barriers": []
}